[{"id":"user-image-character.PNG","publicUrl":"np://user.desktop.nicepage.com/Site_842720908/images/character.PNG","size":651882,"hash":"EmeLcsO1sImC2IvOts4TtH4uuzs=","fileName":"character.PNG","name":"character","width":516,"height":587,"thumbnail":{"url":"np://user.desktop.nicepage.com/Site_842720908/images/thumbnails/character.PNG","width":220,"height":250},"folderId":null,"usages":["857812205"]},{"id":"user-image-tree.PNG","publicUrl":"np://user.desktop.nicepage.com/Site_842720908/images/tree.PNG","size":1057034,"hash":"q4JnkX1wgPDMCfM8Jj4+h6UcXKg=","fileName":"tree.PNG","name":"tree","width":1337,"height":610,"thumbnail":{"url":"np://user.desktop.nicepage.com/Site_842720908/images/thumbnails/tree.PNG","width":250,"height":114},"folderId":null,"usages":["857812205"]},{"id":"user-image-minigsmes.PNG","publicUrl":"np://user.desktop.nicepage.com/Site_842720908/images/minigsmes.PNG","size":830100,"hash":"7dXx52WKbZggAMU0dC1/Xr22zYY=","fileName":"minigsmes.PNG","name":"minigsmes","width":977,"height":618,"thumbnail":{"url":"np://user.desktop.nicepage.com/Site_842720908/images/thumbnails/minigsmes.PNG","width":250,"height":158},"folderId":null,"usages":["857812205"]},{"id":"user-image-action_system.PNG","publicUrl":"np://user.desktop.nicepage.com/Site_842720908/images/action_system.PNG","size":363868,"hash":"3M6+3hTTdMvteoeewkRutYsP1JQ=","fileName":"action_system.PNG","name":"action_system","width":565,"height":504,"thumbnail":{"url":"np://user.desktop.nicepage.com/Site_842720908/images/thumbnails/action_system.PNG","width":250,"height":223},"folderId":null,"usages":["857812205"]},{"id":"user-image-diary.PNG","publicUrl":"np://user.desktop.nicepage.com/Site_842720908/images/diary.PNG","size":1347768,"hash":"D7J+Qxt5Jjf8Wx8ZZMFcY9st5bU=","fileName":"diary.PNG","name":"diary","width":1011,"height":673,"thumbnail":{"url":"np://user.desktop.nicepage.com/Site_842720908/images/thumbnails/diary.PNG","width":250,"height":166},"folderId":null,"usages":["857812205"]},{"id":"user-image-1.png","publicUrl":"np://user.desktop.nicepage.com/Site_842720908/images/1.png","size":2868,"hash":"oBM68MZFimxpfAuHYNV8Q76jnKo=","fileName":"1.png","name":"1","width":128,"height":128,"thumbnail":{"url":"np://user.desktop.nicepage.com/Site_842720908/images/thumbnails/1.png","width":128,"height":128,"length":2868,"type":"png"},"folderId":null,"usages":[]},{"id":"user-image-end.png","publicUrl":"np://user.desktop.nicepage.com/Site_842720908/images/end.png","size":52874,"hash":"RttSITxTKA1x3A5EeAvb9JkHoK4=","fileName":"end.png","name":"end","width":600,"height":315,"thumbnail":{"url":"np://user.desktop.nicepage.com/Site_842720908/images/thumbnails/end.png","width":250,"height":131},"folderId":null,"usages":["857812205"]},{"id":"user-image-ai_driven.jpg","publicUrl":"np://user.desktop.nicepage.com/Site_842720908/images/ai_driven.jpg","size":230344,"hash":"LBgeGAIodPjO4qoMWLxvz/rmebg=","fileName":"ai_driven.jpg","name":"ai_driven","width":1920,"height":1368,"thumbnail":{"url":"np://user.desktop.nicepage.com/Site_842720908/images/thumbnails/ai_driven.jpg","width":250,"height":178},"folderId":null,"usages":["857812205"]},{"id":"user-image-options.jpg","publicUrl":"np://user.desktop.nicepage.com/Site_842720908/images/options.jpg","size":150758,"hash":"IXInGtavd4tMnqIpthIZSI38wkI=","fileName":"options.jpg","name":"options","width":1600,"height":894,"thumbnail":{"url":"np://user.desktop.nicepage.com/Site_842720908/images/thumbnails/options.jpg","width":250,"height":140},"folderId":null,"usages":["857812205"]},{"id":"user-image-what_do_think.jpg","publicUrl":"np://user.desktop.nicepage.com/Site_842720908/images/what_do_think.jpg","size":191566,"hash":"YJOB7p5rDfDKJX1dyL9f5m0ReQI=","fileName":"what_do_think.jpg","name":"what_do_think","width":1600,"height":858,"thumbnail":{"url":"np://user.desktop.nicepage.com/Site_842720908/images/thumbnails/what_do_think.jpg","width":250,"height":134},"folderId":null,"usages":["857812205"]},{"id":"user-image-4338295.png","publicUrl":"np://user.desktop.nicepage.com/Site_842720908/images/4338295.png","size":2210,"hash":"76zasFWgvq3+55Yt3sDEJeK2Zvc=","fileName":"4338295.png","name":"4338295","width":128,"height":128,"thumbnail":{"url":"np://user.desktop.nicepage.com/Site_842720908/images/thumbnails/4338295.png","width":128,"height":128,"length":2210,"type":"png"},"folderId":null,"originalUrl":"https://assets.nicepagecdn.com/11a8ddce/6197189/images/4338295.png","usages":["857812205"]},{"id":"user-image-2.png","publicUrl":"np://user.desktop.nicepage.com/Site_842720908/images/2.png","size":4258,"hash":"zyLoqIJmiwWOFa4Gla5gxY8+LFU=","fileName":"2.png","name":"2","width":128,"height":128,"thumbnail":{"url":"np://user.desktop.nicepage.com/Site_842720908/images/thumbnails/2.png","width":128,"height":128,"length":4258,"type":"png"},"folderId":null,"usages":[]},{"id":"user-image-let_me_think.jpg","publicUrl":"np://user.desktop.nicepage.com/Site_842720908/images/let_me_think.jpg","size":179833,"hash":"IXVB9jAK08MsRa52LEUb43F0sCI=","fileName":"let_me_think.jpg","name":"let_me_think","width":1600,"height":896,"thumbnail":{"url":"np://user.desktop.nicepage.com/Site_842720908/images/thumbnails/let_me_think.jpg","width":250,"height":140},"folderId":null,"usages":["146373626","857812205"]}]