[{"id":38745870,"title":"Blog Template","order":1,"templateKey":"blog","customTemplate":false,"customTemplateFilename":null,"pageLinks":["6","5","4"],"dateCreated":"2024-05-21T21:53:37.530Z","dateUpdated":"2024-05-22T06:10:43.586Z","folderId":null,"pageName":"Blog Template","serverPageId":null,"sectionCount":1,"status":2,"backwardUrl":null},{"id":146373626,"title":"Post Template","order":2,"templateKey":"post","customTemplate":false,"customTemplateFilename":null,"pageLinks":[],"dateCreated":"2024-05-21T21:53:37.716Z","dateUpdated":"2024-05-22T06:55:40.168Z","folderId":null,"pageName":"Post Template","serverPageId":null,"sectionCount":2,"status":2,"backwardUrl":null},{"id":2992413914,"title":"Product List Template","order":3,"templateKey":"products","customTemplate":false,"customTemplateFilename":null,"pageLinks":[],"dateCreated":"2024-05-21T21:53:37.911Z","dateUpdated":"2024-05-22T06:08:58.708Z","folderId":null,"pageName":"Product List Template","serverPageId":null,"sectionCount":1,"status":2,"backwardUrl":null},{"id":306613052,"title":"Product Details Template","order":4,"templateKey":"product","customTemplate":false,"customTemplateFilename":null,"pageLinks":[],"dateCreated":"2024-05-21T21:53:38.077Z","dateUpdated":"2024-05-21T21:53:39.139Z","folderId":null,"pageName":"Product Details Template","serverPageId":null,"sectionCount":1,"status":2,"backwardUrl":null},{"id":832626706,"title":"Shopping Cart Template","order":5,"templateKey":"cart","customTemplate":false,"customTemplateFilename":null,"pageLinks":[],"dateCreated":"2024-05-21T21:53:38.239Z","dateUpdated":"2024-05-21T21:53:39.139Z","folderId":null,"pageName":"Shopping Cart Template","serverPageId":null,"sectionCount":1,"status":2,"backwardUrl":null},{"id":27060515,"title":"Checkout Template","order":6,"templateKey":"checkout","customTemplate":false,"customTemplateFilename":null,"pageLinks":[],"dateCreated":"2024-05-21T21:53:38.489Z","dateUpdated":"2024-05-21T21:53:39.139Z","folderId":null,"pageName":"Checkout Template","serverPageId":null,"sectionCount":1,"status":2,"backwardUrl":null},{"id":2293801621,"title":"Login Template","order":7,"templateKey":"login","customTemplate":false,"customTemplateFilename":null,"pageLinks":[],"dateCreated":"2024-05-21T21:53:38.609Z","dateUpdated":"2024-05-22T06:09:06.838Z","folderId":null,"pageName":"Login Template","serverPageId":null,"sectionCount":1,"status":2,"backwardUrl":null},{"id":872810129,"title":"Page Password Template","order":8,"templateKey":"password","customTemplate":false,"customTemplateFilename":null,"pageLinks":[],"dateCreated":"2024-05-21T21:53:38.676Z","dateUpdated":"2024-05-21T21:53:39.140Z","folderId":null,"pageName":"Page Password Template","serverPageId":null,"sectionCount":1,"status":2,"backwardUrl":null},{"id":230016757,"title":"404 Not Found Template","order":9,"templateKey":"404","customTemplate":false,"customTemplateFilename":null,"pageLinks":[],"dateCreated":"2024-05-21T21:53:38.738Z","dateUpdated":"2024-05-21T21:53:39.140Z","folderId":null,"pageName":"404 Not Found Template","serverPageId":null,"sectionCount":1,"status":2,"backwardUrl":null},{"id":678730798,"title":"Thank You Page Template","order":10,"templateKey":"ThankYou","customTemplate":false,"customTemplateFilename":null,"pageLinks":[],"dateCreated":"2024-05-21T21:53:38.791Z","dateUpdated":"2024-05-21T21:53:39.140Z","folderId":null,"pageName":"Thank You Page Template","serverPageId":null,"sectionCount":1,"status":2,"backwardUrl":null},{"id":192165388,"title":"Giriş","order":50,"templateKey":null,"customTemplate":false,"customTemplateFilename":null,"pageLinks":[],"dateCreated":"2024-05-21T21:53:39.638Z","dateUpdated":"2024-05-22T06:12:13.677Z","folderId":null,"pageName":"Giriş_192165388","serverPageId":null,"sectionCount":1,"status":2,"backwardUrl":null},{"id":171812034,"title":"Hakkında","order":100,"templateKey":null,"customTemplate":false,"customTemplateFilename":null,"pageLinks":[],"dateCreated":"2024-05-21T21:53:38.831Z","dateUpdated":"2024-05-21T21:53:39.140Z","folderId":null,"pageName":"Hakkında_171812034","serverPageId":null,"sectionCount":1,"status":2,"backwardUrl":null},{"id":213611341,"title":"İletişim","order":101,"templateKey":null,"customTemplate":false,"customTemplateFilename":null,"pageLinks":[],"dateCreated":"2024-05-21T21:53:38.866Z","dateUpdated":"2024-05-21T21:53:39.140Z","folderId":null,"pageName":"İletişim_213611341","serverPageId":null,"sectionCount":1,"status":2,"backwardUrl":null},{"id":27700941,"title":"Sayfa 1","order":102,"templateKey":null,"customTemplate":false,"customTemplateFilename":null,"pageLinks":[],"dateCreated":"2024-05-21T21:54:45.968Z","dateUpdated":"2024-05-21T21:56:50.805Z","folderId":null,"pageName":"Sayfa 1_27700941","serverPageId":null,"sectionCount":2,"status":2,"backwardUrl":null},{"id":857812205,"title":"Design Project","order":103,"templateKey":null,"customTemplate":false,"customTemplateFilename":null,"pageLinks":[],"dateCreated":"2024-05-22T06:57:11.538Z","dateUpdated":"2024-05-22T10:38:56.787Z","folderId":null,"pageName":"Design Project_857812205","serverPageId":null,"sectionCount":10,"status":2,"backwardUrl":null}]